Date;Price;Open;High;Low;Vol.;Change %
12/13/2015;1,065.00;1,073.00;1,077.90;1,046.80;671.21K;-0.99%
12/20/2015;1,075.90;1,065.20;1,081.40;1,063.10;321.93K;1.02%
12/27/2015;1,060.20;1,075.20;1,076.50;1,056.50;312.92K;-1.46%
1/3/2016;1,097.90;1,061.50;1,113.10;1,061.00;866.94K;3.56%
1/10/2016;1,090.70;1,103.60;1,108.30;1,071.10;864.67K;-0.66%
01/17/2016;1,096.30;1,089.30;1,109.90;1,082.10;674.87K;0.51%
01/24/2016;1,116.40;1,097.80;1,128.00;1,097.60;827.22K;1.83%
01/31/2016;1,157.70;1,118.00;1,175.00;1,115.30;817.59K;3.70%
2/7/2016;1,239.40;1,174.00;1,263.90;1,164.50;1.17M;7.06%
02/14/2016;1,230.80;1,236.30;1,240.60;1,191.50;869.63K;-0.69%
02/21/2016;1,220.40;1,226.90;1,254.30;1,202.50;1.05M;-0.84%
02/28/2016;1,270.70;1,223.10;1,280.70;1,216.30;1.18M;4.12%
3/6/2016;1,259.40;1,260.50;1,287.80;1,237.50;1.18M;-0.89%
03/13/2016;1,254.30;1,250.90;1,271.90;1,226.00;962.89K;-0.40%
03/20/2016;1,221.60;1,255.20;1,260.90;1,211.20;808.22K;-2.61%
03/27/2016;1,223.50;1,216.00;1,246.80;1,206.00;832.97K;0.16%
4/3/2016;1,243.80;1,223.00;1,245.00;1,215.70;705.26K;1.66%
4/10/2016;1,234.60;1,241.80;1,264.70;1,225.40;800.23K;-0.74%
04/17/2016;1,230.00;1,236.30;1,272.40;1,228.50;1.01M;-0.37%
04/24/2016;1,290.50;1,234.50;1,299.00;1,231.30;941.60K;4.92%
5/1/2016;1,294.00;1,293.20;1,306.00;1,270.60;1.06M;0.27%
5/8/2016;1,272.70;1,286.70;1,289.50;1,258.30;1.03M;-1.65%
05/15/2016;1,252.90;1,273.10;1,290.40;1,244.60;1.11M;-1.56%
05/22/2016;1,216.70;1,251.70;1,256.80;1,209.00;1.19M;-2.89%
05/29/2016;1,242.90;1,215.10;1,247.40;1,201.50;749.07K;2.15%
6/5/2016;1,275.90;1,245.50;1,280.90;1,236.90;779.24K;2.66%
6/12/2016;1,294.80;1,278.30;1,318.90;1,275.20;1.16M;1.48%
06/19/2016;1,322.40;1,293.00;1,362.60;1,252.80;1.26M;2.13%
06/26/2016;1,339.00;1,322.30;1,347.00;1,308.20;1.05M;1.26%
7/3/2016;1,358.40;1,345.00;1,377.50;1,336.30;1.11M;1.45%
7/10/2016;1,327.40;1,368.90;1,376.50;1,320.40;1.15M;-2.28%
07/17/2016;1,323.40;1,333.40;1,338.80;1,310.70;1.02M;-0.30%
07/24/2016;1,357.50;1,322.70;1,362.00;1,311.10;1.11M;2.58%
07/31/2016;1,344.40;1,357.20;1,374.20;1,340.40;806.17K;-0.97%
8/7/2016;1,343.20;1,341.20;1,363.60;1,335.30;848.48K;-0.09%
08/14/2016;1,346.20;1,343.60;1,364.30;1,340.50;866.63K;0.22%
08/21/2016;1,325.90;1,345.00;1,348.80;1,321.00;981.67K;-1.51%
08/28/2016;1,326.70;1,323.80;1,334.00;1,305.50;895.36K;0.06%
9/4/2016;1,334.50;1,328.10;1,357.60;1,325.50;779.90K;0.59%
9/11/2016;1,310.20;1,332.00;1,335.90;1,309.20;864.29K;-1.82%
09/18/2016;1,341.70;1,313.20;1,347.80;1,310.90;758.65K;2.40%
09/25/2016;1,317.10;1,340.80;1,346.10;1,316.00;843.38K;-1.83%
10/2/2016;1,251.90;1,321.00;1,322.60;1,243.20;1.16M;-4.95%
10/9/2016;1,255.50;1,258.50;1,266.80;1,246.90;753.37K;0.29%
10/16/2016;1,267.70;1,252.90;1,275.90;1,251.10;642.10K;0.97%
10/23/2016;1,276.80;1,266.90;1,285.40;1,260.10;806.99K;0.72%
10/30/2016;1,304.50;1,278.30;1,309.30;1,271.90;1.02M;2.17%
11/6/2016;1,224.30;1,294.50;1,338.30;1,218.70;2.10M;-6.15%
11/13/2016;1,208.70;1,227.70;1,233.10;1,201.30;1.29M;-1.27%
11/20/2016;1,178.40;1,207.30;1,220.90;1,170.30;1.05M;-2.51%
11/27/2016;1,177.80;1,184.40;1,197.70;1,162.20;1.06M;-0.05%
12/4/2016;1,161.90;1,182.60;1,190.20;1,157.60;815.45K;-1.35%
12/11/2016;1,137.40;1,161.40;1,168.00;1,124.30;984.30K;-2.11%
12/18/2016;1,133.60;1,136.10;1,144.40;1,127.30;574.40K;-0.33%
12/26/2016;1,151.70;1,135.30;1,164.30;1,132.80;522.84K;1.60%
1/2/2017;1,173.40;1,151.40;1,185.90;1,146.50;907.61K;1.88%
1/8/2017;1,196.20;1,172.90;1,207.20;1,172.20;1.29M;1.94%
01/15/2017;1,204.90;1,199.40;1,218.90;1,195.40;1.08M;0.73%
01/22/2017;1,188.40;1,209.30;1,220.10;1,179.70;1.23M;-1.37%
01/29/2017;1,220.80;1,194.60;1,227.50;1,190.00;1.11M;2.73%
2/5/2017;1,235.90;1,221.90;1,246.60;1,220.80;1.11M;1.24%
2/12/2017;1,239.10;1,234.20;1,245.10;1,217.50;1.01M;0.26%
02/19/2017;1,258.30;1,236.40;1,261.20;1,226.80;945.95K;1.55%
02/26/2017;1,226.50;1,258.90;1,264.90;1,223.00;1.31M;-2.53%
3/5/2017;1,201.40;1,233.90;1,237.30;1,194.50;1.06M;-2.05%
3/12/2017;1,230.20;1,205.00;1,234.00;1,196.80;1.03M;2.40%
03/19/2017;1,248.50;1,229.00;1,253.30;1,226.60;1.07M;1.49%
03/26/2017;1,251.20;1,245.50;1,261.00;1,241.50;1.05M;0.22%
4/2/2017;1,257.30;1,251.90;1,273.30;1,245.40;1.08M;0.49%
4/9/2017;1,288.50;1,255.60;1,290.70;1,248.20;960.90K;2.48%
04/16/2017;1,289.10;1,292.40;1,297.40;1,275.40;1.21M;0.05%
04/23/2017;1,268.30;1,280.00;1,280.00;1,260.70;1.18M;-1.61%
04/30/2017;1,226.90;1,269.60;1,272.40;1,225.70;1.23M;-3.26%
5/7/2017;1,227.70;1,223.10;1,236.90;1,214.30;1.09M;0.07%
05/14/2017;1,253.60;1,228.30;1,265.00;1,226.80;1.35M;2.11%
05/21/2017;1,268.10;1,257.50;1,269.30;1,247.60;1.21M;1.16%
05/28/2017;1,280.20;1,271.20;1,282.20;1,261.30;943.99K;0.95%
6/4/2017;1,271.40;1,282.60;1,298.80;1,266.70;1.09M;-0.69%
6/11/2017;1,256.50;1,269.70;1,284.20;1,252.70;1.10M;-1.17%
06/18/2017;1,256.40;1,255.80;1,260.00;1,241.70;885.56K;-0.01%
06/25/2017;1,242.30;1,258.10;1,259.00;1,236.50;1.14M;-1.12%
7/2/2017;1,209.70;1,241.70;1,242.60;1,206.60;1.17M;-2.62%
7/9/2017;1,227.50;1,212.10;1,232.70;1,204.00;1.21M;1.47%
07/16/2017;1,254.90;1,228.70;1,255.90;1,227.50;1.14M;2.23%
07/23/2017;1,275.30;1,255.50;1,277.00;1,243.20;1.17M;1.63%
07/30/2017;1,264.60;1,276.30;1,280.30;1,259.80;1.07M;-0.84%
8/6/2017;1,294.00;1,264.30;1,298.10;1,257.10;1.20M;2.32%
08/13/2017;1,291.60;1,296.40;1,306.90;1,272.70;1.53M;-0.19%
08/20/2017;1,297.90;1,289.10;1,301.40;1,281.30;1.37M;0.49%
08/27/2017;1,330.40;1,297.60;1,334.50;1,297.00;1.93M;2.50%
9/3/2017;1,351.20;1,339.70;1,362.40;1,331.10;1.43M;1.56%
9/10/2017;1,325.20;1,341.50;1,344.60;1,319.50;1.55M;-1.92%
09/17/2017;1,297.50;1,324.00;1,324.00;1,291.20;1.56M;-2.09%
09/24/2017;1,284.80;1,301.50;1,317.10;1,278.20;1.70M;-0.98%
10/1/2017;1,274.90;1,282.20;1,285.00;1,262.80;1.35M;-0.77%
10/8/2017;1,304.60;1,278.60;1,306.40;1,277.70;1.32M;2.33%
10/15/2017;1,280.50;1,306.00;1,308.40;1,277.60;1.54M;-1.85%
10/22/2017;1,271.80;1,281.50;1,285.30;1,263.80;1.68M;-0.68%
10/29/2017;1,269.20;1,274.30;1,285.10;1,265.90;1.67M;-0.20%
11/5/2017;1,274.20;1,270.70;1,289.50;1,266.40;1.80M;0.39%
11/12/2017;1,296.50;1,275.30;1,297.50;1,269.70;1.67M;1.75%
11/19/2017;1,287.30;1,294.10;1,295.10;1,274.10;1.49M;-0.71%
11/26/2017;1,282.30;1,288.00;1,300.40;1,273.10;1.78M;-0.39%
12/3/2017;1,248.40;1,277.60;1,280.50;1,244.40;1.45M;-2.64%
12/10/2017;1,257.50;1,249.20;1,264.50;1,238.30;1.26M;0.73%
12/17/2017;1,278.80;1,257.80;1,280.40;1,255.30;1.02M;1.69%
12/25/2017;1,309.30;1,279.00;1,309.80;1,277.70;807.36K;2.39%
1/1/2018;1,322.30;1,305.30;1,327.30;1,304.60;1.33M;0.99%
1/7/2018;1,334.90;1,321.80;1,340.00;1,308.90;1.60M;0.95%
01/14/2018;1,333.10;1,337.30;1,345.00;1,324.30;1.45M;-0.13%
01/21/2018;1,352.10;1,334.00;1,365.40;1,328.00;2.09M;1.43%
01/28/2018;1,337.30;1,349.00;1,354.30;1,330.10;1.81M;-1.09%
2/4/2018;1,315.70;1,334.60;1,349.30;1,309.00;1.81M;-1.62%
2/11/2018;1,356.20;1,317.10;1,364.40;1,316.30;1.35M;3.08%
02/18/2018;1,330.30;1,350.20;1,354.00;1,322.90;1.00M;-1.91%
02/25/2018;1,323.40;1,330.40;1,342.90;1,303.60;1.53M;-0.52%
3/4/2018;1,324.00;1,324.90;1,342.00;1,313.20;1.41M;0.05%
3/11/2018;1,312.30;1,324.10;1,330.50;1,309.50;1.35M;-0.88%
03/18/2018;1,349.90;1,312.90;1,350.40;1,306.60;1.88M;2.87%
03/25/2018;1,327.30;1,347.00;1,356.80;1,325.40;1.28M;-1.67%
4/1/2018;1,336.10;1,330.70;1,352.50;1,322.60;1.55M;0.66%
4/8/2018;1,347.90;1,338.00;1,369.40;1,330.10;1.67M;0.88%
04/15/2018;1,338.30;1,349.80;1,359.00;1,337.00;1.48M;-0.71%
04/22/2018;1,323.40;1,336.20;1,337.60;1,315.80;1.38M;-1.11%
04/29/2018;1,314.70;1,324.00;1,325.90;1,302.30;1.56M;-0.66%
5/6/2018;1,320.70;1,316.30;1,326.30;1,304.20;1.66M;0.46%
05/13/2018;1,291.30;1,318.30;1,322.40;1,284.00;1.62M;-2.23%
05/20/2018;1,303.70;1,290.30;1,307.20;1,281.20;1.75M;0.96%
05/27/2018;1,299.30;1,297.20;1,311.50;1,291.40;1.36M;-0.34%
6/3/2018;1,302.70;1,296.70;1,307.80;1,293.50;1.22M;0.26%
6/10/2018;1,278.50;1,303.50;1,313.00;1,277.90;1.58M;-1.86%
06/17/2018;1,270.70;1,281.10;1,286.80;1,262.40;1.18M;-0.61%
06/24/2018;1,254.50;1,272.20;1,274.40;1,246.90;1.18M;-1.27%
7/1/2018;1,255.80;1,253.40;1,261.00;1,238.80;1.15M;0.10%
7/8/2018;1,241.20;1,255.70;1,266.90;1,236.20;1.29M;-1.16%
07/15/2018;1,231.10;1,241.00;1,245.80;1,210.70;1.57M;-0.81%
07/22/2018;1,223.00;1,231.70;1,235.30;1,216.70;1.44M;-0.66%
07/29/2018;1,223.20;1,231.10;1,237.80;1,212.50;1.21M;0.02%
8/5/2018;1,219.00;1,222.00;1,226.00;1,213.10;1.23M;-0.34%
8/12/2018;1,184.20;1,218.40;1,221.40;1,167.10;1.61M;-2.85%
08/19/2018;1,213.30;1,190.40;1,215.40;1,189.50;1.19M;2.46%
08/26/2018;1,206.70;1,214.50;1,220.70;1,202.10;1.28M;-0.54%
9/2/2018;1,200.40;1,207.00;1,212.70;1,195.10;1.20M;-0.52%
9/9/2018;1,201.10;1,200.70;1,218.00;1,192.70;1.37M;0.06%
09/16/2018;1,201.30;1,199.80;1,215.80;1,196.00;1.26M;0.02%
09/23/2018;1,196.20;1,204.00;1,208.80;1,184.30;1.41M;-0.42%
09/30/2018;1,205.60;1,196.10;1,212.30;1,188.10;1.39M;0.79%
10/7/2018;1,222.00;1,206.70;1,230.00;1,186.00;1.66M;1.36%
10/14/2018;1,228.70;1,221.20;1,236.90;1,220.40;1.20M;0.55%
10/21/2018;1,235.80;1,230.50;1,246.00;1,222.80;1.26M;0.58%
10/28/2018;1,233.30;1,236.40;1,239.30;1,213.40;1.28M;-0.20%
11/4/2018;1,208.60;1,234.50;1,238.40;1,207.20;1.18M;-2.00%
11/11/2018;1,223.00;1,210.30;1,226.00;1,196.60;1.23M;1.19%
11/18/2018;1,223.20;1,222.60;1,230.90;1,218.50;921.15K;0.02%
11/25/2018;1,226.00;1,223.90;1,234.90;1,210.50;1.24M;0.23%
12/2/2018;1,252.60;1,227.80;1,255.80;1,226.60;1.05M;2.17%
12/9/2018;1,241.40;1,255.60;1,256.60;1,236.50;896.70K;-0.89%
12/16/2018;1,258.10;1,242.80;1,270.30;1,239.40;1.14M;1.35%
12/23/2018;1,283.00;1,260.70;1,284.70;1,260.00;722.01K;1.98%
12/30/2018;1,285.80;1,283.00;1,300.40;1,278.10;909.20K;0.22%
1/6/2019;1,289.50;1,287.00;1,298.00;1,280.20;1.12M;0.29%
01/13/2019;1,282.60;1,288.00;1,296.60;1,280.10;1.06M;-0.54%
01/20/2019;1,298.10;1,280.70;1,303.40;1,275.30;1.07M;1.21%
01/27/2019;1,322.10;1,302.30;1,331.10;1,296.50;1.15M;1.85%
2/3/2019;1,318.50;1,322.60;1,323.60;1,306.40;728.26K;-0.27%
2/10/2019;1,322.10;1,318.10;1,325.80;1,304.70;939.76K;0.27%
02/17/2019;1,332.80;1,325.00;1,349.80;1,323.30;1.12M;0.81%
02/24/2019;1,299.20;1,331.90;1,334.90;1,291.30;1.16M;-2.52%
3/3/2019;1,299.30;1,294.40;1,301.30;1,280.80;1.22M;0.01%
3/10/2019;1,302.90;1,298.20;1,311.60;1,290.60;1.10M;0.28%
03/17/2019;1,312.30;1,302.00;1,320.20;1,298.00;1.36M;0.72%
03/24/2019;1,304.50;1,319.70;1,330.80;1,297.60;418.65K;-0.59%
03/31/2019;1,301.70;1,302.90;1,307.50;1,290.90;25.01K;-0.21%
4/7/2019;1,301.20;1,302.50;1,320.70;1,299.00;20.15K;-0.04%
04/14/2019;1,282.00;1,300.50;1,301.00;1,278.90;18.48K;-1.48%
04/21/2019;1,294.80;1,283.90;1,296.80;1,274.00;36.39K;1.00%
04/28/2019;1,287.20;1,294.70;1,295.40;1,273.20;54.78K;-0.59%
5/5/2019;1,293.30;1,287.10;1,298.70;1,284.10;128.78K;0.47%
5/12/2019;1,281.40;1,293.70;1,310.10;1,280.40;118.34K;-0.92%
05/19/2019;1,289.20;1,282.30;1,292.50;1,274.60;268.28K;0.61%
05/26/2019;1,316.90;1,289.20;1,317.50;1,280.80;414.98K;2.15%
6/2/2019;1,351.80;1,317.40;1,357.40;1,317.40;7.93K;2.65%
6/9/2019;1,350.40;1,347.90;1,367.80;1,329.60;8.21K;-0.10%
06/16/2019;1,405.90;1,350.40;1,420.90;1,342.80;8.77K;4.11%
06/23/2019;1,419.60;1,411.90;1,447.00;1,407.50;14.00K;0.97%
06/30/2019;1,406.30;1,411.00;1,446.80;1,390.90;19.34K;-0.94%
7/7/2019;1,418.50;1,407.20;1,435.60;1,394.00;17.33K;0.87%
07/14/2019;1,433.20;1,424.00;1,460.30;1,407.80;31.58K;1.04%
07/21/2019;1,425.90;1,434.90;1,440.60;1,417.70;42.65K;-0.51%
07/28/2019;1,457.50;1,425.80;1,461.90;1,412.10;1.77M;2.22%
8/4/2019;1,508.50;1,451.20;1,522.70;1,448.80;2.30M;3.50%
8/11/2019;1,523.60;1,509.20;1,546.10;1,488.90;2.21M;1.00%
08/18/2019;1,537.60;1,523.00;1,540.30;1,502.10;1.54M;0.92%
08/25/2019;1,529.40;1,545.40;1,565.00;1,525.60;1.90M;-0.53%
9/1/2019;1,515.50;1,535.20;1,566.20;1,510.70;2.12M;-0.91%
9/8/2019;1,499.50;1,516.40;1,532.20;1,492.10;1.88M;-1.06%
09/15/2019;1,515.10;1,513.10;1,524.50;1,490.70;1.63M;1.04%
09/22/2019;1,513.10;1,521.50;1,543.30;1,500.50;1.66M;-0.13%
09/29/2019;1,519.70;1,509.50;1,532.40;1,471.80;48.83K;0.44%
10/6/2019;1,495.50;1,524.20;1,529.00;1,484.90;30.11K;-1.59%
10/13/2019;1,501.00;1,499.20;1,509.20;1,487.40;34.27K;0.37%
10/20/2019;1,512.30;1,502.00;1,527.80;1,491.00;30.12K;0.75%
10/27/2019;1,518.50;1,514.00;1,525.20;1,490.30;103.18K;0.41%
11/3/2019;1,469.80;1,522.90;1,524.00;1,463.40;392.00K;-3.21%
11/10/2019;1,475.40;1,466.70;1,482.20;1,453.10;259.20K;0.38%
11/17/2019;1,470.50;1,475.10;1,486.00;1,463.30;284.33K;-0.33%
11/24/2019;1,478.10;1,467.50;1,478.30;1,456.60;432.65K;0.52%
12/1/2019;1,470.70;1,474.10;1,495.20;1,465.80;59.82K;-0.50%
12/8/2019;1,486.90;1,469.00;1,496.70;1,469.00;38.54K;1.10%
12/15/2019;1,486.60;1,485.80;1,491.30;1,480.40;26.36K;-0.02%
12/22/2019;1,524.10;1,487.20;1,525.60;1,487.20;26.07K;2.52%
12/29/2019;1,558.70;1,521.90;1,562.20;1,519.60;64.59K;2.27%
1/5/2020;1,566.40;1,572.20;1,619.60;1,547.40;233.32K;0.49%
1/12/2020;1,566.50;1,569.50;1,569.50;1,542.80;241.27K;0.01%
01/19/2020;1,578.20;1,564.20;1,581.60;1,552.10;338.76K;0.75%
01/26/2020;1,593.80;1,586.10;1,601.20;1,567.90;591.82K;0.99%
2/2/2020;1,579.20;1,603.60;1,603.90;1,556.90;30.44K;-0.92%
2/9/2020;1,591.90;1,581.60;1,593.60;1,570.50;57.20K;0.80%
02/16/2020;1,654.60;1,590.40;1,657.40;1,587.50;59.50K;3.94%
02/23/2020;1,571.80;1,660.30;1,697.00;1,569.10;172.56K;-5.00%
3/1/2020;1,676.10;1,598.40;1,696.50;1,581.20;185.35K;6.64%
3/8/2020;1,519.50;1,694.50;1,707.80;1,507.00;362.85K;-9.34%
03/15/2020;1,488.10;1,564.80;1,576.00;1,453.00;331.45K;-2.07%
03/22/2020;1,654.10;1,508.40;1,698.00;1,489.40;687.00K;11.16%
03/29/2020;1,645.50;1,663.10;1,674.00;1,580.00;29.85K;-0.52%
4/5/2020;1,752.10;1,648.10;1,753.50;1,638.20;31.41K;6.48%
4/12/2020;1,700.10;1,739.30;1,789.00;1,693.10;39.40K;-2.97%
04/19/2020;1,739.70;1,694.50;1,767.40;1,668.40;43.80K;2.33%
04/26/2020;1,707.20;1,749.20;1,750.00;1,683.30;44.92K;-1.87%
5/3/2020;1,726.60;1,718.10;1,745.10;1,691.00;136.99K;1.14%
5/10/2020;1,768.00;1,718.10;1,772.80;1,705.00;180.85K;2.40%
05/17/2020;1,753.50;1,769.40;1,787.50;1,731.20;209.36K;-0.82%
05/24/2020;1,760.70;1,753.00;1,763.30;1,701.60;317.47K;0.41%
05/31/2020;1,694.10;1,766.50;1,768.50;1,683.80;12.29K;-3.78%
6/7/2020;1,746.20;1,694.70;1,763.70;1,693.80;8.40K;3.08%
06/14/2020;1,761.00;1,749.70;1,767.00;1,715.30;7.30K;0.85%
06/21/2020;1,789.80;1,773.00;1,803.70;1,763.10;11.21K;1.64%
06/28/2020;1,801.00;1,798.10;1,816.80;1,777.50;13.52K;0.63%
7/2/2020;1,801.90;1,787.90;1,829.80;1,779.20;1.16M;0.05%
7/5/2020;1,815.60;1,797.90;1,842.30;1,791.00;26.19K;0.76%
7/12/2020;1,820.90;1,817.00;1,832.00;1,804.50;19.90K;0.29%
07/19/2020;1,910.10;1,821.80;1,917.40;1,818.10;47.22K;4.90%
07/26/2020;1,985.90;1,913.10;2,005.40;1,912.20;627.36K;3.97%
8/2/2020;2,028.00;1,997.40;2,089.20;1,975.20;1.53M;2.12%
8/9/2020;1,949.80;2,044.80;2,060.80;1,874.20;1.87M;-3.86%
08/16/2020;1,947.00;1,956.40;2,024.60;1,916.60;1.83M;-0.14%
08/23/2020;1,974.90;1,947.90;1,987.00;1,908.40;1.70M;1.43%
08/30/2020;1,934.30;1,973.90;2,001.20;1,921.60;1.49M;-2.06%
9/6/2020;1,947.90;1,938.00;1,975.20;1,911.70;1.12M;0.70%
09/13/2020;1,962.10;1,948.90;1,983.80;1,938.20;1.19M;0.73%
09/20/2020;1,866.30;1,957.30;1,962.90;1,851.00;1.66M;-4.88%
09/27/2020;1,914.70;1,862.70;1,930.40;1,851.10;245.80K;2.59%
10/4/2020;1,933.60;1,914.30;1,944.00;1,884.00;27.69K;0.99%
10/11/2020;1,914.00;1,942.40;1,945.30;1,892.80;18.00K;-1.01%
10/18/2020;1,912.70;1,912.70;1,943.20;1,902.00;25.42K;-0.07%
10/25/2020;1,887.20;1,912.30;1,920.90;1,866.70;34.72K;-1.33%
11/1/2020;1,959.10;1,885.30;1,968.90;1,881.00;110.66K;3.81%
11/8/2020;1,893.00;1,961.70;1,973.30;1,854.00;260.57K;-3.37%
11/15/2020;1,878.20;1,893.70;1,904.30;1,855.70;188.52K;-0.78%
11/22/2020;1,792.10;1,875.90;1,880.70;1,781.20;376.51K;-4.58%
11/29/2020;1,844.00;1,795.00;1,856.20;1,771.30;23.94K;2.90%
12/6/2020;1,847.60;1,846.70;1,883.70;1,829.20;26.71K;0.20%
12/13/2020;1,893.00;1,849.00;1,906.00;1,825.00;19.31K;2.46%
12/20/2020;1,887.40;1,896.80;1,915.40;1,863.30;12.98K;-0.30%
12/27/2020;1,899.60;1,890.90;1,909.20;1,877.20;17.01K;0.65%
1/3/2021;1,839.70;1,912.50;1,966.80;1,832.00;121.78K;-3.15%
1/10/2021;1,833.70;1,852.90;1,867.80;1,821.30;290.59K;-0.33%
01/17/2021;1,859.90;1,832.30;1,878.10;1,804.70;269.21K;1.43%
01/24/2021;1,852.70;1,858.60;1,881.00;1,832.40;371.79K;-0.39%
01/31/2021;1,815.60;1,867.30;1,877.80;1,787.30;41.21K;-2.00%
2/7/2021;1,826.00;1,818.90;1,858.90;1,809.90;23.31K;0.57%
02/14/2021;1,780.30;1,828.00;1,829.90;1,762.90;28.23K;-2.50%
02/21/2021;1,731.60;1,785.80;1,817.60;1,718.10;43.85K;-2.74%
02/28/2021;1,701.60;1,735.40;1,759.90;1,685.80;108.27K;-1.73%
3/7/2021;1,722.40;1,703.90;1,740.40;1,676.20;264.27K;1.22%
03/14/2021;1,743.90;1,728.20;1,756.00;1,719.10;111.66K;1.25%
03/21/2021;1,734.70;1,747.50;1,749.20;1,721.20;350.12K;-0.53%
03/28/2021;1,730.30;1,732.40;1,734.80;1,679.40;190.38K;-0.25%
4/4/2021;1,746.80;1,732.10;1,761.20;1,723.60;14.97K;0.95%
4/11/2021;1,782.20;1,745.20;1,786.20;1,725.50;17.14K;2.03%
04/18/2021;1,779.90;1,780.10;1,800.00;1,765.80;14.29K;-0.13%
04/25/2021;1,769.80;1,776.00;1,791.50;1,756.80;43.50K;-0.57%
5/2/2021;1,833.50;1,770.40;1,846.50;1,768.50;87.85K;3.60%
5/9/2021;1,840.00;1,836.10;1,849.00;1,810.70;257.70K;0.35%
05/16/2021;1,878.90;1,843.50;1,893.20;1,843.10;248.41K;2.11%
05/23/2021;1,906.90;1,885.60;1,915.60;1,875.40;414.93K;1.49%
05/30/2021;1,893.80;1,909.30;1,920.50;1,857.60;6.28K;-0.69%
6/6/2021;1,881.70;1,894.30;1,908.00;1,874.40;6.41K;-0.64%
06/13/2021;1,770.90;1,880.70;1,881.20;1,763.30;9.17K;-5.89%
06/20/2021;1,779.80;1,769.30;1,797.00;1,769.30;4.95K;0.50%
06/27/2021;1,785.20;1,783.10;1,797.60;1,752.50;5.51K;0.30%
7/4/2021;1,812.10;1,787.40;1,821.00;1,787.00;13.02K;1.51%
7/11/2021;1,816.70;1,809.90;1,836.20;1,793.50;17.48K;0.25%
07/18/2021;1,803.60;1,814.00;1,827.20;1,791.00;27.65K;-0.72%
07/25/2021;1,817.20;1,804.00;1,837.50;1,793.00;411.51K;0.75%
8/1/2021;1,763.10;1,817.00;1,835.90;1,759.50;1.00M;-2.98%
8/8/2021;1,778.20;1,765.00;1,781.90;1,677.90;939.47K;0.86%
08/15/2021;1,784.00;1,780.90;1,797.60;1,772.00;674.45K;0.33%
08/22/2021;1,819.50;1,781.20;1,821.90;1,778.00;772.74K;1.99%
08/29/2021;1,833.70;1,821.60;1,836.90;1,803.40;713.39K;0.78%
9/5/2021;1,792.10;1,833.50;1,833.50;1,783.10;704.11K;-2.27%
9/12/2021;1,751.40;1,789.80;1,810.60;1,745.50;890.08K;-2.27%
09/19/2021;1,751.70;1,754.20;1,788.40;1,737.50;843.43K;0.02%
09/26/2021;1,760.10;1,751.80;1,766.40;1,723.70;377.15K;0.48%
10/3/2021;1,759.40;1,762.40;1,783.20;1,747.90;24.01K;-0.04%
10/10/2021;1,770.20;1,760.30;1,803.60;1,752.10;22.63K;0.61%
10/17/2021;1,798.30;1,769.50;1,817.50;1,762.80;21.20K;1.59%
10/24/2021;1,785.90;1,796.40;1,814.60;1,774.60;34.00K;-0.69%
10/31/2021;1,819.00;1,786.80;1,822.20;1,761.00;82.65K;1.85%
11/7/2021;1,870.80;1,822.20;1,873.30;1,815.90;243.74K;2.85%
11/14/2021;1,854.30;1,876.30;1,881.90;1,847.00;258.96K;-0.88%
11/21/2021;1,788.10;1,850.70;1,853.00;1,780.20;575.17K;-3.57%
11/28/2021;1,785.80;1,792.40;1,813.10;1,764.20;23.00K;-0.13%
12/5/2021;1,787.00;1,790.00;1,796.20;1,772.90;22.46K;0.07%
12/12/2021;1,807.30;1,786.60;1,818.00;1,755.40;29.12K;1.14%
12/19/2021;1,814.00;1,802.40;1,814.20;1,787.60;12.44K;0.37%
12/26/2021;1,831.00;1,809.00;1,833.60;1,791.90;20.20K;0.94%
1/2/2022;1,799.90;1,832.90;1,835.40;1,783.80;136.24K;-1.70%
1/9/2022;1,819.00;1,798.00;1,831.50;1,792.00;237.68K;1.06%
01/16/2022;1,834.10;1,819.80;1,850.80;1,807.20;340.34K;0.83%
01/23/2022;1,789.30;1,838.30;1,856.70;1,783.80;549.54K;-2.44%
01/30/2022;1,810.80;1,795.40;1,818.60;1,788.90;25.10K;1.20%
2/6/2022;1,845.50;1,810.90;1,870.60;1,810.70;46.32K;1.92%
02/13/2022;1,903.10;1,866.70;1,907.90;1,849.20;30.35K;3.12%
02/20/2022;1,890.80;1,904.70;1,979.10;1,882.00;53.22K;-0.65%
02/27/2022;1,969.90;1,921.00;1,978.10;1,895.60;55.45K;4.18%
3/6/2022;1,989.40;1,981.30;2,082.00;1,964.80;390.44K;0.99%
03/13/2022;1,933.90;1,993.50;1,999.00;1,900.40;188.52K;-2.79%
03/20/2022;1,959.80;1,927.40;1,972.50;1,915.50;290.48K;1.34%
03/27/2022;1,929.20;1,962.50;1,965.20;1,893.20;337.10K;-1.56%
4/3/2022;1,952.20;1,933.50;1,958.30;1,922.30;25.22K;1.19%
4/10/2022;1,981.60;1,957.10;1,992.20;1,949.90;27.36K;1.51%
04/17/2022;1,941.40;1,983.10;2,009.50;1,935.00;36.79K;-2.03%
04/24/2022;1,918.60;1,937.40;1,942.60;1,877.80;46.35K;-1.17%
5/1/2022;1,890.20;1,903.10;1,917.60;1,856.70;145.29K;-1.48%
5/8/2022;1,814.80;1,890.90;1,891.80;1,804.00;314.84K;-3.99%
05/15/2022;1,848.40;1,816.00;1,854.50;1,792.00;176.87K;1.85%
05/22/2022;1,865.00;1,850.90;1,875.00;1,842.50;332.56K;0.90%
05/29/2022;1,858.30;1,862.00;1,886.40;1,838.60;6.12K;-0.36%
6/5/2022;1,883.90;1,863.40;1,887.40;1,835.00;5.79K;1.38%
6/12/2022;1,849.60;1,887.40;1,890.60;1,814.90;15.67K;-1.82%
06/19/2022;1,839.30;1,847.50;1,859.00;1,826.70;12.19K;-0.56%
06/26/2022;1,810.40;1,848.50;1,851.50;1,792.70;12.32K;-1.57%
7/3/2022;1,750.90;1,823.00;1,823.90;1,734.80;17.01K;-3.29%
7/10/2022;1,711.60;1,750.00;1,752.30;1,703.80;26.55K;-2.24%
07/17/2022;1,735.00;1,713.20;1,745.30;1,686.30;30.82K;1.37%
07/24/2022;1,781.80;1,733.80;1,784.60;1,717.50;367.51K;2.70%
07/31/2022;1,791.20;1,782.50;1,812.00;1,770.00;781.83K;0.53%
8/7/2022;1,815.50;1,790.30;1,824.60;1,786.90;618.69K;1.36%
08/14/2022;1,762.90;1,818.90;1,818.90;1,759.10;633.02K;-2.90%
08/21/2022;1,749.80;1,760.60;1,778.80;1,740.20;695.24K;-0.74%
08/28/2022;1,722.60;1,748.40;1,757.90;1,699.10;836.92K;-1.55%
9/4/2022;1,728.60;1,724.20;1,740.50;1,701.70;718.77K;0.35%
9/11/2022;1,683.50;1,728.40;1,746.40;1,661.90;1.04M;-2.61%
09/18/2022;1,655.60;1,685.40;1,696.90;1,646.60;997.37K;-1.66%
09/25/2022;1,684.90;1,651.00;1,696.70;1,622.20;703.49K;1.77%
10/2/2022;1,722.80;1,682.40;1,751.60;1,679.50;35.83K;2.25%
10/9/2022;1,662.80;1,717.00;1,720.00;1,659.90;34.45K;-3.48%
10/16/2022;1,670.20;1,663.20;1,688.00;1,635.00;20.04K;0.45%
10/23/2022;1,659.10;1,676.50;1,693.00;1,655.20;64.84K;-0.66%
10/30/2022;1,690.60;1,661.50;1,700.40;1,632.40;97.62K;1.90%
11/6/2022;1,783.50;1,692.50;1,788.40;1,681.30;267.60K;5.50%
11/13/2022;1,769.00;1,783.50;1,806.00;1,764.00;228.38K;-0.81%
11/20/2022;1,768.80;1,766.60;1,776.00;1,733.50;262.76K;-0.01%
11/27/2022;1,824.70;1,771.10;1,833.80;1,753.30;141.56K;3.16%
12/4/2022;1,825.90;1,826.50;1,837.30;1,793.60;18.53K;0.07%
12/11/2022;1,815.60;1,823.80;1,851.40;1,797.60;19.61K;-0.56%
12/18/2022;1,819.80;1,818.10;1,848.40;1,808.40;19.97K;0.23%
12/25/2022;1,842.20;1,823.80;1,857.00;1,819.90;20.64K;1.23%
12/26/2022;1,826.20;1,808.20;1,841.90;1,804.20;491.18K;-0.87%
1/1/2023;1,885.90;1,847.20;1,891.10;1,846.10;57.96K;3.27%
1/2/2023;1,869.70;1,831.80;1,875.20;1,829.90;814.60K;-0.86%
1/8/2023;1,938.50;1,886.40;1,942.10;1,886.40;283.78K;3.68%
01/15/2023;1,944.90;1,939.90;1,955.50;1,915.50;164.67K;0.33%
01/22/2023;1,945.60;1,948.00;1,966.50;1,929.20;502.40K;0.04%
01/29/2023;1,893.30;1,962.00;1,992.10;1,891.30;24.86K;-2.69%
2/5/2023;1,891.20;1,890.00;1,919.00;1,880.40;26.60K;-0.11%
2/12/2023;1,866.90;1,892.50;1,898.00;1,844.60;24.52K;-1.28%
02/19/2023;1,833.90;1,867.10;1,873.00;1,832.70;23.52K;-1.77%
02/26/2023;1,871.40;1,834.00;1,880.80;1,827.60;58.18K;2.04%
3/5/2023;1,884.00;1,877.70;1,891.10;1,830.20;255.85K;0.67%
3/12/2023;1,990.20;1,893.80;2,010.40;1,892.50;326.68K;5.64%
03/19/2023;2,001.70;2,008.60;2,031.70;1,953.70;387.99K;0.58%
03/26/2023;2,004.10;2,000.30;2,022.80;1,962.70;382.53K;0.12%
4/2/2023;2,044.40;2,007.50;2,067.10;1,984.50;16.57K;2.01%
4/9/2023;2,034.40;2,032.20;2,080.80;2,015.00;27.63K;-0.49%
04/16/2023;2,009.20;2,033.00;2,046.60;1,999.50;20.73K;-1.24%
04/23/2023;2,018.30;2,011.00;2,039.10;2,001.00;52.43K;0.45%
04/30/2023;2,044.20;2,019.10;2,102.20;2,004.80;105.39K;1.28%
5/7/2023;2,039.10;2,044.20;2,075.30;2,025.00;269.23K;-0.25%
05/14/2023;2,000.30;2,033.00;2,046.50;1,973.00;167.19K;-1.90%
05/21/2023;1,963.10;1,998.40;2,006.20;1,954.70;433.81K;-1.86%
05/28/2023;1,989.10;1,980.80;2,020.00;1,970.00;7.30K;1.32%
6/4/2023;1,996.80;1,982.40;2,006.40;1,973.90;6.63K;0.39%
6/11/2023;1,990.70;1,993.80;2,005.10;1,956.00;8.06K;-0.31%
06/18/2023;1,948.90;1,989.40;1,990.80;1,939.10;9.16K;-2.10%
06/25/2023;1,948.50;1,952.80;1,962.00;1,919.60;9.12K;-0.02%
7/2/2023;1,951.60;1,945.40;1,961.50;1,927.60;9.36K;0.16%
7/9/2023;1,983.40;1,949.40;1,987.20;1,937.20;15.26K;1.63%
07/16/2023;1,985.80;1,977.20;2,008.50;1,968.50;18.43K;0.12%
07/23/2023;1,999.90;1,983.20;2,002.00;1,961.40;203.52K;0.71%
07/30/2023;1,976.10;1,997.90;2,010.90;1,954.50;775.13K;-1.19%
8/6/2023;1,946.60;1,977.60;1,981.70;1,942.70;676.59K;-1.49%
08/13/2023;1,916.50;1,945.60;1,948.20;1,914.20;683.81K;-1.55%
08/20/2023;1,939.90;1,918.40;1,951.30;1,913.60;743.62K;1.22%
08/27/2023;1,967.10;1,944.00;1,980.20;1,940.10;726.59K;1.40%
9/3/2023;1,942.70;1,966.70;1,972.60;1,940.00;597.43K;-1.24%
9/10/2023;1,946.20;1,943.30;1,954.60;1,921.70;855.59K;0.18%
09/17/2023;1,945.60;1,945.70;1,968.90;1,933.10;855.94K;-0.03%
09/24/2023;1,885.40;1,944.70;1,946.80;1,881.50;626.09K;-3.09%
10/1/2023;1,864.40;1,883.30;1,883.70;1,842.50;34.12K;-1.11%
10/8/2023;1,961.10;1,880.00;1,965.60;1,876.80;48.13K;5.19%
10/15/2023;2,014.50;1,961.00;2,029.20;1,941.00;43.21K;2.72%
10/22/2023;2,018.70;2,007.80;2,039.70;1,984.80;52.70K;0.21%
10/29/2023;2,019.60;2,034.00;2,037.70;1,998.80;54.91K;0.04%
11/5/2023;1,957.70;2,019.60;2,020.00;1,956.90;239.16K;-3.06%
11/12/2023;2,004.80;1,963.20;2,016.50;1,955.40;148.00K;2.41%
11/19/2023;2,023.50;2,001.20;2,030.00;1,987.30;266.31K;0.93%
11/26/2023;2,109.20;2,023.00;2,115.00;2,022.00;376.45K;4.24%
12/3/2023;2,033.90;2,114.10;2,171.50;2,029.90;54.82K;-3.57%
12/10/2023;2,055.20;2,038.80;2,082.00;2,007.60;41.74K;1.05%
12/17/2023;2,088.80;2,052.90;2,102.30;2,048.90;29.86K;1.63%
12/24/2023;2,091.80;2,085.40;2,118.00;2,084.90;26.72K;0.14%
12/25/2023;2,071.80;2,066.00;2,098.20;2,065.10;443.02K;-0.96%
12/31/2023;2,069.70;2,092.70;2,107.70;2,051.00;66.78K;-0.10%
1/1/2024;2,049.80;2,072.70;2,088.10;2,030.80;724.18K;-0.96%
1/7/2024;2,071.40;2,071.90;2,086.70;2,037.30;289.59K;1.05%
01/14/2024;2,048.60;2,073.20;2,082.20;2,024.30;108.55K;-1.10%
01/21/2024;2,036.10;2,051.40;2,058.50;2,023.30;340.46K;-0.61%
01/28/2024;2,073.40;2,043.00;2,102.50;2,037.70;219.07K;1.83%
2/4/2024;2,058.60;2,076.20;2,080.90;2,050.80;31.25K;-0.71%
2/11/2024;2,043.90;2,058.10;2,067.00;2,016.30;34.25K;-0.71%
02/18/2024;2,069.30;2,049.80;2,073.00;2,044.20;24.94K;1.24%
02/25/2024;2,116.00;2,064.00;2,117.40;2,053.60;72.03K;2.26%
3/3/2024;2,206.30;2,111.70;2,223.30;2,108.50;268.18K;4.27%
3/10/2024;2,183.10;2,208.50;2,216.30;2,178.00;272.86K;-1.05%
03/17/2024;2,181.60;2,181.40;2,246.60;2,170.80;363.89K;-0.07%
03/24/2024;2,258.40;2,188.50;2,276.80;2,186.10;356.98K;3.52%
03/31/2024;2,366.60;2,280.10;2,370.90;2,269.60;37.10K;4.79%
4/7/2024;2,396.30;2,370.10;2,471.30;2,343.00;69.83K;1.25%
04/14/2024;2,436.10;2,392.10;2,455.50;2,362.30;36.42K;1.66%
04/21/2024;2,369.30;2,425.40;2,425.40;2,326.00;46.78K;-2.74%
04/28/2024;2,330.60;2,369.70;2,380.70;2,308.70;89.23K;-1.63%
5/5/2024;2,397.70;2,335.10;2,407.60;2,322.70;289.92K;2.88%
5/12/2024;2,440.40;2,392.10;2,450.10;2,360.40;172.90K;1.78%
05/19/2024;2,356.90;2,445.70;2,477.00;2,348.70;253.10K;-3.42%
05/26/2024;2,368.50;2,359.80;2,404.00;2,356.60;306.84K;0.49%
6/2/2024;2,347.60;2,370.00;2,429.20;2,326.90;13.79K;-0.88%
6/9/2024;2,371.90;2,330.00;2,381.10;2,327.20;8.22K;1.04%
06/16/2024;2,353.90;2,369.20;2,403.50;2,345.00;6.77K;-0.76%
06/23/2024;2,362.50;2,354.50;2,373.10;2,327.50;13.19K;0.37%
06/30/2024;2,421.10;2,356.30;2,424.80;2,350.80;19.51K;2.48%
7/7/2024;2,444.50;2,419.00;2,453.80;2,380.00;40.63K;0.97%
07/14/2024;2,423.00;2,444.20;2,512.80;2,419.60;53.77K;-0.88%
07/21/2024;2,404.50;2,427.50;2,456.70;2,375.10;76.94K;-0.76%
07/28/2024;2,469.80;2,410.10;2,522.50;2,391.60;905.12K;2.72%
8/4/2024;2,473.40;2,490.30;2,500.80;2,403.80;1.04M;0.15%
8/11/2024;2,537.80;2,470.10;2,548.30;2,462.70;906.92K;2.60%
08/18/2024;2,546.30;2,549.70;2,570.40;2,506.40;838.07K;0.33%
08/25/2024;2,527.60;2,545.10;2,564.30;2,526.60;774.44K;-0.73%
9/1/2024;2,513.20;2,513.80;2,541.70;2,495.70;0.31K;-0.57%
9/8/2024;2,599.10;2,515.00;2,601.30;2,507.60;1.03K;3.42%
09/15/2024;2,634.60;2,598.00;2,639.10;2,563.50;1.35K;1.37%
09/22/2024;2,668.10;2,646.20;2,708.70;2,638.60;991.37K;1.27%
09/29/2024;2,667.80;2,680.50;2,694.70;2,646.20;835.90K;-0.01%
10/6/2024;2,676.30;2,671.70;2,679.20;2,618.80;871.73K;0.32%
10/13/2024;2,730.00;2,673.10;2,737.80;2,654.40;801.58K;2.01%
10/20/2024;2,742.20;2,724.30;2,758.50;2,709.90;2.08K;0.45%
10/27/2024;2,749.20;2,739.40;2,801.80;2,725.80;616.20K;0.26%
11/3/2024;2,707.20;2,754.30;2,770.60;2,669.90;0.54K;-1.53%
11/10/2024;2,582.10;2,704.40;2,705.30;2,560.80;1.53K;-4.62%
11/17/2024;2,724.90;2,583.10;2,728.30;2,581.60;2.71K;5.53%
11/24/2024;2,681.00;2,728.00;2,735.50;2,618.50;355.51K;-1.61%
12/1/2024;2,659.60;2,673.80;2,682.00;2,635.60;799.58K;-0.80%
12/8/2024;2,662.40;2,654.50;2,743.80;2,637.50;8.95K;0.11%
12/15/2024;2,632.50;2,654.60;2,669.70;2,585.90;4.33K;-1.12%
12/22/2024;2,618.40;2,627.30;2,642.40;2,610.20;3.03K;-0.54%
12/29/2024;2,654.70;2,636.10;2,681.00;2,608.40;462.90K;1.39%
1/5/2025;2,729.50;2,665.00;2,746.60;2,638.90;6.87K;2.82%
1/12/2025;2,761.60;2,730.80;2,770.00;2,687.10;9.25K;1.18%
01/19/2025;2,792.70;2,749.80;2,808.10;2,730.70;5.00K;1.13%
01/26/2025;2,835.00;2,791.00;2,862.90;2,746.80;365.36K;1.51%
2/2/2025;2,887.60;2,846.50;2,910.60;2,802.20;854.84K;1.86%
2/9/2025;2,888.90;2,871.40;2,955.40;2,868.50;14.62K;0.05%
02/16/2025;2,940.50;2,882.20;2,960.20;2,876.70;9.36K;1.79%
02/23/2025;2,848.50;2,939.30;2,960.00;2,844.10;427.84K;-3.13%
3/2/2025;2,942.90;2,898.50;2,969.40;2,894.00;133.92K;3.31%
3/9/2025;3,014.60;2,932.80;3,029.60;2,900.00;2.62K;2.44%
03/16/2025;3,034.50;3,011.10;3,076.60;3,004.90;2.51K;0.66%
03/23/2025;3,114.30;3,040.80;3,124.40;3,022.10;217.75K;2.63%
03/30/2025;3,035.40;3,118.80;3,201.60;3,032.70;1.37M;-2.53%
4/6/2025;3,230.00;3,004.00;3,246.70;2,959.60;11.30K;6.41%
04/13/2025;3,313.30;3,231.60;3,356.60;3,196.40;5.53K;2.58%
04/20/2025;3,283.50;3,330.00;3,492.90;3,257.40;12.25K;-0.90%
04/27/2025;3,271.70;3,347.40;3,385.40;3,238.00;40.51K;-0.36%
5/4/2025;3,357.30;3,261.20;3,460.50;3,258.30;3.81K;2.62%
5/11/2025;3,200.20;3,295.00;3,305.60;3,139.60;7.01K;-4.68%
05/18/2025;3,379.30;3,228.10;3,379.80;3,220.70;5.72K;5.60%
05/25/2025;3,315.40;3,369.60;3,369.60;3,269.10;419.66K;-1.89%
6/1/2025;3,332.10;3,309.20;3,411.80;3,308.60;8.58K;0.50%
6/8/2025;3,438.10;3,321.50;3,452.80;3,300.00;9.27K;3.18%
06/15/2025;3,371.40;3,457.40;3,460.70;3,342.10;5.69K;-1.94%
06/22/2025;3,287.60;3,387.00;3,395.70;3,266.50;227.61K;-2.49%
06/29/2025;3,398.80;3,339.70;3,431.90;3,307.40;32.97K;3.38%
7/6/2025;3,406.50;3,360.00;3,420.00;3,345.00;0.16K;0.23%
07/13/2025;3,400.90;3,402.10;3,419.80;3,359.80;0.12K;-0.16%
07/20/2025;3,379.60;3,400.90;3,488.50;3,370.00;0.51K;-0.63%
07/27/2025;3,399.80;3,373.60;3,416.90;3,319.20;591.39K;0.60%
8/3/2025;3,491.30;3,416.60;3,534.10;3,397.90;1.01M;2.69%
8/10/2025;3,369.90;3,430.10;3,430.10;3,369.90;2.41K;-3.48%
08/17/2025;3,405.80;3,379.60;3,407.20;3,342.20;0.41K;1.07%
08/24/2025;3,516.10;3,399.70;3,518.50;3,395.00;345.49K;3.24%
